{
  "project_info": {
    "project_number": "1046581126294",
    "firebase_url": "https://flutter-test-1df17.firebaseio.com",
    "project_id": "flutter-test-1df17",
    "storage_bucket": "flutter-test-1df17.appspot.com"
  },
  "client": [
    {
      "client_info": {
        "mobilesdk_app_id": "1:1046581126294:android:534176024815e79f",
        "android_client_info": {
          "package_name": "co.androcid.firebase_flutter"
        }
      },
      "oauth_client": [
        {
          "client_id": "1046581126294-um1lvd72rjiau9v2k1aah7h193qu14q1.apps.googleusercontent.com",
          "client_type": 3
        }
      ],
      "api_key": [
        {
          "current_key": "AIzaSyBNH9elfyNes_6ejcbXQrHoTWoF7Hg_ipE"
        }
      ],
      "services": {
        "appinvite_service": {
          "other_platform_oauth_client": [
            {
              "client_id": "1046581126294-um1lvd72rjiau9v2k1aah7h193qu14q1.apps.googleusercontent.com",
              "client_type": 3
            }
          ]
        }
      }
    }
  ],
  "configuration_version": "1"
}