{
  "project_info": {
    "project_number": "573385246471",
    "firebase_url": "https://flutter-news-10478.firebaseio.com",
    "project_id": "flutter-news-10478",
    "storage_bucket": "flutter-news-10478.appspot.com"
  },
  "client": [
    {
      "client_info": {
        "mobilesdk_app_id": "1:573385246471:android:c24cb04cd7c4a4f7",
        "android_client_info": {
          "package_name": "co.androcid.basic_layout"
        }
      },
      "oauth_client": [
        {
          "client_id": "573385246471-r4puf199vgulu84vbguc5vd31sjtsg5f.apps.googleusercontent.com",
          "client_type": 3
        }
      ],
      "api_key": [
        {
          "current_key": "AIzaSyCwTv6ix3fVyGaJRQvWcdy1jvLEckosg8Y"
        }
      ],
      "services": {
        "appinvite_service": {
          "other_platform_oauth_client": [
            {
              "client_id": "573385246471-r4puf199vgulu84vbguc5vd31sjtsg5f.apps.googleusercontent.com",
              "client_type": 3
            }
          ]
        }
      }
    }
  ],
  "configuration_version": "1"
}